{"Rushan City": [36.9030618, 121.6106567553019], "Guangdong": [23.1357694, 113.1982688], "Xiangyang, Hubei": [32.0199223, 112.1454107], "Bengbu": [32.9176422, 117.3825673], "Xi'an": [34.3468421, 108.9365887], "Shenyang": [41.8041094, 123.4276363], "Guizhou, China": [27.0, 107.0], "Hubei": [31.15172525, 112.87832224656043], "Germany": [51.0834196, 10.4234469], "Dunhua City": [43.611007150000006, 128.3348351675204], "none": [44.933143, 7.540121], "Chibi City": [29.7273129, 113.9020959], "Milan, Italy": [45.4668, 9.1905], "Milan": [45.4668, 9.1905], "Wuhan": [30.5951051, 114.2999353], "Vietnam": [13.2904027, 108.4265113], "Wuhan via Shanghai": [31.6504363, 118.0526902], "Qitaihe City, Heilongjiang Province": [45.917055700000006, 130.8209842869395], "Lombardy, Italy": [45.6209, 9.768893], "Guangzhou, Guangdong": [23.1301964, 113.2592945], "Beihai, Guangxi": [21.4799081, 109.1068061], "Bergamo, Italy": [45.756655699999996, 9.754219200862249], "Qiaokou District, Wuhan": [30.6001911, 114.19709646610158], "Ezhou City, Hubei": [30.4079084, 114.8784297], "Malaysia": [4.5693754, 102.2656823], "Itay": [-25.1699702, -57.5049408], "Wuhan, China": [30.5951051, 114.2999353], "Shanghai": [31.2322758, 121.4692071], "Nha Trang, Vietnam": [12.2431693, 109.1898675], "Iran via Dubai": [25.2302904, 55.17251439584389], "China": [35.000074, 104.999927], "Wuhan, Hubei": [30.5951051, 114.2999353], "Wuhan City": [30.5951051, 114.2999353], "Tonglu County": [29.7965627, 119.6876858], "Changsha": [28.1979483, 112.97133], "Gao'an City Jiangxi": [28.4168903, 115.3742552], "Ziyang County, Ankang": [32.44794, 108.435624], "Thailand": [14.8971921, 100.83273], "Verona, Italy": [45.4384958, 10.9924122], "Singapore": [1.357107, 103.8194992], "Wuchang District, Wuhan": [30.5566998, 114.3109847], "Xianyang City": [34.87130915, 108.28376463745388], "Yichang City, Hubei": [30.7031196, 111.2750181], "Weinan": [34.5037437, 109.4572848], "Dongguan City, Guangdong Province": [23.0444712, 113.7465512], "Jiangxi, Guangzhou": [25.5636854, 114.7792527], "Zhengzhou Henan": [34.7591877, 113.6524076], "Hawaii, USA": [21.2160437, -157.975203], "Jiran": [24.3077574, 74.892168], "shopping mall in Xi'an": [-6.0239679, 106.0700622], "Northern Italy": [44.2246723, 12.2934906], "Wuhan via Xi'an": [30.5951051, 114.2999353], "Luzhou": [28.8745145, 105.4394183], "Taizhou, Jiangsu": [32.4614944, 119.913445], "no": [60.5000209, 9.0999715], "Xiaogan": [30.9203436, 113.9496516], "Shenzhen": [22.555454, 114.0543297], "Qom, Iran": [34.6423117, 50.8800969], "Hangzhou": [30.2489634, 120.2052342], "Iran": [32.6475314, 54.5643516], "Guangzhou": [23.1301964, 113.2592945], "Lombardy Italy": [45.6209, 9.768893], "Wuhan; Shanghai": [31.6504363, 118.0526902], "Shapingba District, Chongqing City": [29.6329905, 106.396698], "Codogno": [45.1600664, 9.70437], "Xiangtan": [27.8339927, 112.935675], "Italy": [42.6384261, 12.674297], "Wuchang": [30.5566998, 114.3109847], "Hokkaido, Japan": [43.43395355, 142.95144677396019], "Xiaogan City": [30.9203436, 113.9496516], "Kunshan City, Jiangsu Province": [31.32640095, 120.99058080017386], "Bavaria, Germany": [48.9467562, 11.4038717], "Hubei province": [22.5469919, 114.1204861], "Japan": [36.5748441, 139.2394179], "Luxi County, Hubei": [29.9158144, 113.6830941], "Harbin": [45.7656666, 126.6160584], "Meihekou City": [42.5668595, 125.7838796], "Henan": [34.0000001, 113.9999999], "Wuzhou": [23.478767, 111.277099], "Hongshan District, Wuhan": [30.5381688, 114.51763236646515], "Jiangxi": [28.0, 116.0], "Suizhou City, Hubei": [31.6921655, 113.375823], "Baotou city": [41.48844915, 110.54556489586108], "Chengdu": [30.6624205, 104.0633219], "Yokohama": [35.444991, 139.636768], "Beijing": [39.906217, 116.3912757], "Contamines-Montjoie chalet": [45.850515, 6.723260218919819], "Wuhan to Xi'an": [30.5951051, 114.2999353], "Iran via Sharjah": [27.1656856, 56.2297043], "France": [46.603354, 1.8883335], "Riga": [56.9493977, 24.1051846], "Castiglione d'Adda, Lombardy": [45.2189124, 9.6941106], "Macheng": [31.1708218, 115.0159244], "Yinchuan": [38.4829194, 106.2116014], "Northwest Business Center": [41.3338476, -74.1612347]}